일자	거래처코드	거래처명	입금계좌코드	적요	금액
2026/01/06	기타매출처/doo	기타매출처/doo	카드사	카드결제	
2026/01/06	감사합니다	감사합니다	카드사	카드결제	
2026/01/06	감사합니다	감사합니다	카드사	카드결제	
2026/01/06	감사합니다	감사합니다	카드사	카드결제	
2026/01/06	인테리어 웍스	인테리어 웍스	카드사	카드결제	
2026/01/06	(주)안양철물만돌이	(주)안양철물만돌이	카드사	카드결제	
2026/01/06	감사합니다	감사합니다	카드사	카드결제	
2026/01/06	감사합니다	감사합니다	카드사	카드결제	
2026/01/06	(주) 맑은창	(주) 맑은창	카드사	카드결제	
2026/01/06	감사합니다	감사합니다	카드사	카드결제	
2026/01/06	리스토어디자인	리스토어디자인	카드사	카드결제	
2026/01/06	감사합니다	감사합니다	카드사	카드결제	
2026/01/06	감사합니다	감사합니다	카드사	카드결제	
2026/01/06	감사합니다	감사합니다	카드사	카드결제	
2026/01/06	감사합니다	감사합니다	카드사	카드결제	
2026/01/06	감사합니다	감사합니다	카드사	카드결제	
2026/01/06	(주)모드니퍼스트	(주)모드니퍼스트	카드사	카드결제	
2026/01/06	동아인테리어	동아인테리어	카드사	카드결제	
2026/01/06	그린인테리어(내손동)	그린인테리어(내손동)	카드사	카드결제	
2026/01/06	감사합니다	감사합니다	카드사	카드결제	
2026/01/06	사팔우드	사팔우드	카드사	카드결제	
2026/01/06	동아인테리어	동아인테리어	카드사	카드결제	
2026/01/06	감사합니다	감사합니다	카드사	카드결제	
2026/01/06	(주)모드니퍼스트	(주)모드니퍼스트	카드사	카드결제	
2026/01/06	나래설비	나래설비	카드사	카드결제	
2026/01/06	감사합니다	감사합니다	카드사	카드결제	
